<?xml version="1.0" encoding="UTF-8"?>
<KVIT>
    <BIK>044525931</BIK>
    <ES>DI_RFM_044525931_20200610_001_04452593120200622.XML</ES>
    <SIZE_ES>1762</SIZE_ES>
    <DATE_ES>22/06/2020</DATE_ES>
    <TIME_ES>11:28:36</TIME_ES>
    <REZ_ES>0</REZ_ES>
    <DATE_REZ>22/06/2020</DATE_REZ>
    <ERRORS_FILEV nRec="0"/>
    <DATE_KVIT>23/06/2020</DATE_KVIT>
    <TIME_KVIT>05:21:37</TIME_KVIT>
    <OPER>Консультант Близнюк Ольга Вячеславовна</OPER>
    <TEL_OPER>(495)-607-18-87,607-17-96, 607-26-53</TEL_OPER>
</KVIT>
