<?xml version="1.0" encoding="UTF-8"?>
<KVIT>
    <BIK>044525931</BIK>
    <ES>DI_RFM_044525931_20200909_001_04452593120210303.XML</ES>
    <SIZE_ES>1715</SIZE_ES>
    <DATE_ES>03/03/2021</DATE_ES>
    <TIME_ES>12:48:06</TIME_ES>
    <REZ_ES>0</REZ_ES>
    <DATE_REZ>03/03/2021</DATE_REZ>
    <ERRORS_FILEV nRec="0"/>
    <DATE_KVIT>04/03/2021</DATE_KVIT>
    <TIME_KVIT>05:28:05</TIME_KVIT>
    <OPER>Консультант Близнюк Ольга Вячеславовна</OPER>
    <TEL_OPER>(495)-607-18-87,607-17-96, 607-26-53</TEL_OPER>
</KVIT>
