<?xml version="1.0" encoding="UTF-8"?>
<KVIT>
    <BIK>044525931</BIK>
    <IDKOR>2000048698</IDKOR>
    <ES>SKO115FZ_01_044525931_20210908_000012.xml</ES>
    <SIZE_ES>8345</SIZE_ES>
    <DATE_ES>08/09/2021</DATE_ES>
    <TIME_ES>14:06:55</TIME_ES>
    <RECNO_ES nRec="1">
        <ES_REC IdInfoKO="2021_2347_0000_01_000000000051">
            <REZ_ES>0</REZ_ES>
            <DATE_REZ>08/09/2021</DATE_REZ>
        </ES_REC>
    </RECNO_ES>
    <DATE_KVIT>08/09/2021</DATE_KVIT>
    <TIME_KVIT>16:50:45</TIME_KVIT>
    <OPER>Горячая линия Росфинмониторинга</OPER>
    <TEL_OPER>(495)-627-32-99</TEL_OPER>
</KVIT>
