<?xml version="1.0" encoding="WINDOWS-1251"?>
<PacketEID xmlns="urn:cbr-ru:ed:v2.0" EDNo="21219" EDDate="2021-09-01" EDAuthor="4525931000">
<ED244 EDReceiver="4525411000" EDDefineRequestCode="09" EDDefineAnswerCode="11" EDNo="21220" EDDate="2021-09-01" EDAuthor="4525931000">
  <OriginalEPD EDNo="26574" EDDate="2020-10-14" EDAuthor="4525931000"/>
  <EDDefineAnswerInfo>
    <EDFieldList>
      <FieldNo>60</FieldNo>
      <FieldValue>500103570260</FieldValue>
    </EDFieldList>
  </EDDefineAnswerInfo>
</ED244>
<ED244 EDReceiver="4525411000" EDDefineRequestCode="09" EDDefineAnswerCode="11" EDNo="21221" EDDate="2021-09-01" EDAuthor="4525931000">
  <OriginalEPD EDNo="22805" EDDate="2020-08-03" EDAuthor="4525931000"/>
  <EDDefineAnswerInfo>
    <EDFieldList>
      <FieldNo>60</FieldNo>
      <FieldValue>500103570260</FieldValue>
    </EDFieldList>
  </EDDefineAnswerInfo>
</ED244>
<ED244 EDReceiver="4525411000" EDDefineRequestCode="09" EDDefineAnswerCode="11" EDNo="21222" EDDate="2021-09-01" EDAuthor="4525931000">
  <OriginalEPD EDNo="20591" EDDate="2021-02-02" EDAuthor="4525931000"/>
  <EDDefineAnswerInfo>
    <EDFieldList>
      <FieldNo>60</FieldNo>
      <FieldValue>500103570260</FieldValue>
    </EDFieldList>
  </EDDefineAnswerInfo>
</ED244>
<ED244 EDReceiver="4525411000" EDDefineRequestCode="09" EDDefineAnswerCode="11" EDNo="21223" EDDate="2021-09-01" EDAuthor="4525931000">
  <OriginalEPD EDNo="27310" EDDate="2021-04-05" EDAuthor="4525931000"/>
  <EDDefineAnswerInfo>
    <EDFieldList>
      <FieldNo>60</FieldNo>
      <FieldValue>500103570260</FieldValue>
    </EDFieldList>
  </EDDefineAnswerInfo>
</ED244>
<ED244 EDReceiver="4525225000" EDDefineRequestCode="09" EDDefineAnswerCode="11" EDNo="21224" EDDate="2021-09-01" EDAuthor="4525931000">
  <OriginalEPD EDNo="20686" EDDate="2020-09-04" EDAuthor="4525931000"/>
  <EDDefineAnswerInfo>
    <EDFieldList>
      <FieldNo>60</FieldNo>
      <FieldValue>500103570260</FieldValue>
    </EDFieldList>
  </EDDefineAnswerInfo>
</ED244>
<ED244 EDReceiver="4525411000" EDDefineRequestCode="09" EDDefineAnswerCode="11" EDNo="21225" EDDate="2021-09-01" EDAuthor="4525931000">
  <OriginalEPD EDNo="21697" EDDate="2021-02-26" EDAuthor="4525931000"/>
  <EDDefineAnswerInfo>
    <EDFieldList>
      <FieldNo>60</FieldNo>
      <FieldValue>500103570260</FieldValue>
    </EDFieldList>
  </EDDefineAnswerInfo>
</ED244>
<ED244 EDReceiver="4525411000" EDDefineRequestCode="09" EDDefineAnswerCode="11" EDNo="21226" EDDate="2021-09-01" EDAuthor="4525931000">
  <OriginalEPD EDNo="20683" EDDate="2020-09-04" EDAuthor="4525931000"/>
  <EDDefineAnswerInfo>
    <EDFieldList>
      <FieldNo>60</FieldNo>
      <FieldValue>500103570260</FieldValue>
    </EDFieldList>
  </EDDefineAnswerInfo>
</ED244>
<ED244 EDReceiver="4525225000" EDDefineRequestCode="09" EDDefineAnswerCode="11" EDNo="21227" EDDate="2021-09-01" EDAuthor="4525931000">
  <OriginalEPD EDNo="23569" EDDate="2020-01-10" EDAuthor="4525931000"/>
  <EDDefineAnswerInfo>
    <EDFieldList>
      <FieldNo>60</FieldNo>
      <FieldValue>500103570260</FieldValue>
    </EDFieldList>
  </EDDefineAnswerInfo>
</ED244>
<ED244 EDReceiver="4525411000" EDDefineRequestCode="09" EDDefineAnswerCode="11" EDNo="21228" EDDate="2021-09-01" EDAuthor="4525931000">
  <OriginalEPD EDNo="20959" EDDate="2020-10-08" EDAuthor="4525931000"/>
  <EDDefineAnswerInfo>
    <EDFieldList>
      <FieldNo>60</FieldNo>
      <FieldValue>500103570260</FieldValue>
    </EDFieldList>
  </EDDefineAnswerInfo>
</ED244>
<ED244 EDReceiver="4525411000" EDDefineRequestCode="09" EDDefineAnswerCode="11" EDNo="21229" EDDate="2021-09-01" EDAuthor="4525931000">
  <OriginalEPD EDNo="22818" EDDate="2021-02-16" EDAuthor="4525931000"/>
  <EDDefineAnswerInfo>
    <EDFieldList>
      <FieldNo>60</FieldNo>
      <FieldValue>500103570260</FieldValue>
    </EDFieldList>
  </EDDefineAnswerInfo>
</ED244>
<ED244 EDReceiver="4525411000" EDDefineRequestCode="09" EDDefineAnswerCode="11" EDNo="21230" EDDate="2021-09-01" EDAuthor="4525931000">
  <OriginalEPD EDNo="21696" EDDate="2021-02-26" EDAuthor="4525931000"/>
  <EDDefineAnswerInfo>
    <EDFieldList>
      <FieldNo>60</FieldNo>
      <FieldValue>500103570260</FieldValue>
    </EDFieldList>
  </EDDefineAnswerInfo>
</ED244>
<ED244 EDReceiver="4525225000" EDDefineRequestCode="09" EDDefineAnswerCode="11" EDNo="21231" EDDate="2021-09-01" EDAuthor="4525931000">
  <OriginalEPD EDNo="24496" EDDate="2020-03-13" EDAuthor="4525931000"/>
  <EDDefineAnswerInfo>
    <EDFieldList>
      <FieldNo>60</FieldNo>
      <FieldValue>500103570260</FieldValue>
    </EDFieldList>
  </EDDefineAnswerInfo>
</ED244>
<ED244 EDReceiver="4525411000" EDDefineRequestCode="09" EDDefineAnswerCode="11" EDNo="21232" EDDate="2021-09-01" EDAuthor="4525931000">
  <OriginalEPD EDNo="21135" EDDate="2020-07-02" EDAuthor="4525931000"/>
  <EDDefineAnswerInfo>
    <EDFieldList>
      <FieldNo>60</FieldNo>
      <FieldValue>500103570260</FieldValue>
    </EDFieldList>
  </EDDefineAnswerInfo>
</ED244>
<ED244 EDReceiver="4525411000" EDDefineRequestCode="09" EDDefineAnswerCode="11" EDNo="21233" EDDate="2021-09-01" EDAuthor="4525931000">
  <OriginalEPD EDNo="20324" EDDate="2021-03-12" EDAuthor="4525931000"/>
  <EDDefineAnswerInfo>
    <EDFieldList>
      <FieldNo>60</FieldNo>
      <FieldValue>500103570260</FieldValue>
    </EDFieldList>
  </EDDefineAnswerInfo>
</ED244>
<ED244 EDReceiver="4525411000" EDDefineRequestCode="09" EDDefineAnswerCode="11" EDNo="21234" EDDate="2021-09-01" EDAuthor="4525931000">
  <OriginalEPD EDNo="23302" EDDate="2020-02-14" EDAuthor="4525931000"/>
  <EDDefineAnswerInfo>
    <EDFieldList>
      <FieldNo>60</FieldNo>
      <FieldValue>500103570260</FieldValue>
    </EDFieldList>
  </EDDefineAnswerInfo>
</ED244>
<ED244 EDReceiver="4525225000" EDDefineRequestCode="09" EDDefineAnswerCode="11" EDNo="21235" EDDate="2021-09-01" EDAuthor="4525931000">
  <OriginalEPD EDNo="28996" EDDate="2021-02-15" EDAuthor="4525931000"/>
  <EDDefineAnswerInfo>
    <EDFieldList>
      <FieldNo>60</FieldNo>
      <FieldValue>500103570260</FieldValue>
    </EDFieldList>
  </EDDefineAnswerInfo>
</ED244>
<ED244 EDReceiver="4525225000" EDDefineRequestCode="09" EDDefineAnswerCode="11" EDNo="21236" EDDate="2021-09-01" EDAuthor="4525931000">
  <OriginalEPD EDNo="20636" EDDate="2020-08-11" EDAuthor="4525931000"/>
  <EDDefineAnswerInfo>
    <EDFieldList>
      <FieldNo>60</FieldNo>
      <FieldValue>500103570260</FieldValue>
    </EDFieldList>
  </EDDefineAnswerInfo>
</ED244>
<ED244 EDReceiver="4525225000" EDDefineRequestCode="09" EDDefineAnswerCode="11" EDNo="21237" EDDate="2021-09-01" EDAuthor="4525931000">
  <OriginalEPD EDNo="30615" EDDate="2020-11-09" EDAuthor="4525931000"/>
  <EDDefineAnswerInfo>
    <EDFieldList>
      <FieldNo>60</FieldNo>
      <FieldValue>500103570260</FieldValue>
    </EDFieldList>
  </EDDefineAnswerInfo>
</ED244>
<ED244 EDReceiver="4525225000" EDDefineRequestCode="09" EDDefineAnswerCode="11" EDNo="21238" EDDate="2021-09-01" EDAuthor="4525931000">
  <OriginalEPD EDNo="22144" EDDate="2020-07-14" EDAuthor="4525931000"/>
  <EDDefineAnswerInfo>
    <EDFieldList>
      <FieldNo>60</FieldNo>
      <FieldValue>500103570260</FieldValue>
    </EDFieldList>
  </EDDefineAnswerInfo>
</ED244>
<ED244 EDReceiver="4525411000" EDDefineRequestCode="09" EDDefineAnswerCode="11" EDNo="21239" EDDate="2021-09-01" EDAuthor="4525931000">
  <OriginalEPD EDNo="19431" EDDate="2020-04-27" EDAuthor="4525931000"/>
  <EDDefineAnswerInfo>
    <EDFieldList>
      <FieldNo>60</FieldNo>
      <FieldValue>500103570260</FieldValue>
    </EDFieldList>
  </EDDefineAnswerInfo>
</ED244>
<ED244 EDReceiver="4525225000" EDDefineRequestCode="09" EDDefineAnswerCode="11" EDNo="21240" EDDate="2021-09-01" EDAuthor="4525931000">
  <OriginalEPD EDNo="27264" EDDate="2020-12-07" EDAuthor="4525931000"/>
  <EDDefineAnswerInfo>
    <EDFieldList>
      <FieldNo>60</FieldNo>
      <FieldValue>500103570260</FieldValue>
    </EDFieldList>
  </EDDefineAnswerInfo>
</ED244>
<ED244 EDReceiver="4525411000" EDDefineRequestCode="09" EDDefineAnswerCode="11" EDNo="21241" EDDate="2021-09-01" EDAuthor="4525931000">
  <OriginalEPD EDNo="19157" EDDate="2020-12-08" EDAuthor="4525931000"/>
  <EDDefineAnswerInfo>
    <EDFieldList>
      <FieldNo>60</FieldNo>
      <FieldValue>500103570260</FieldValue>
    </EDFieldList>
  </EDDefineAnswerInfo>
</ED244>
<ED244 EDReceiver="4525225000" EDDefineRequestCode="09" EDDefineAnswerCode="11" EDNo="21242" EDDate="2021-09-01" EDAuthor="4525931000">
  <OriginalEPD EDNo="20699" EDDate="2021-01-22" EDAuthor="4525931000"/>
  <EDDefineAnswerInfo>
    <EDFieldList>
      <FieldNo>60</FieldNo>
      <FieldValue>500103570260</FieldValue>
    </EDFieldList>
  </EDDefineAnswerInfo>
</ED244>
<ED244 EDReceiver="4525411000" EDDefineRequestCode="09" EDDefineAnswerCode="11" EDNo="21243" EDDate="2021-09-01" EDAuthor="4525931000">
  <OriginalEPD EDNo="23595" EDDate="2021-02-24" EDAuthor="4525931000"/>
  <EDDefineAnswerInfo>
    <EDFieldList>
      <FieldNo>60</FieldNo>
      <FieldValue>500103570260</FieldValue>
    </EDFieldList>
  </EDDefineAnswerInfo>
</ED244>
<ED244 EDReceiver="4525225000" EDDefineRequestCode="09" EDDefineAnswerCode="11" EDNo="21244" EDDate="2021-09-01" EDAuthor="4525931000">
  <OriginalEPD EDNo="27353" EDDate="2021-03-01" EDAuthor="4525931000"/>
  <EDDefineAnswerInfo>
    <EDFieldList>
      <FieldNo>60</FieldNo>
      <FieldValue>500103570260</FieldValue>
    </EDFieldList>
  </EDDefineAnswerInfo>
</ED244>
<ED244 EDReceiver="4525411000" EDDefineRequestCode="09" EDDefineAnswerCode="11" EDNo="21245" EDDate="2021-09-01" EDAuthor="4525931000">
  <OriginalEPD EDNo="21950" EDDate="2020-12-10" EDAuthor="4525931000"/>
  <EDDefineAnswerInfo>
    <EDFieldList>
      <FieldNo>60</FieldNo>
      <FieldValue>500103570260</FieldValue>
    </EDFieldList>
  </EDDefineAnswerInfo>
</ED244>
<ED244 EDReceiver="4525411000" EDDefineRequestCode="09" EDDefineAnswerCode="11" EDNo="21246" EDDate="2021-09-01" EDAuthor="4525931000">
  <OriginalEPD EDNo="19309" EDDate="2021-04-20" EDAuthor="4525931000"/>
  <EDDefineAnswerInfo>
    <EDFieldList>
      <FieldNo>60</FieldNo>
      <FieldValue>500103570260</FieldValue>
    </EDFieldList>
  </EDDefineAnswerInfo>
</ED244>
<ED244 EDReceiver="4525225000" EDDefineRequestCode="09" EDDefineAnswerCode="11" EDNo="21247" EDDate="2021-09-01" EDAuthor="4525931000">
  <OriginalEPD EDNo="14417" EDDate="2020-04-07" EDAuthor="4525931000"/>
  <EDDefineAnswerInfo>
    <EDFieldList>
      <FieldNo>60</FieldNo>
      <FieldValue>500103570260</FieldValue>
    </EDFieldList>
  </EDDefineAnswerInfo>
</ED244>
<ED244 EDReceiver="4525411000" EDDefineRequestCode="09" EDDefineAnswerCode="11" EDNo="21248" EDDate="2021-09-01" EDAuthor="4525931000">
  <OriginalEPD EDNo="28627" EDDate="2020-01-27" EDAuthor="4525931000"/>
  <EDDefineAnswerInfo>
    <EDFieldList>
      <FieldNo>60</FieldNo>
      <FieldValue>500103570260</FieldValue>
    </EDFieldList>
  </EDDefineAnswerInfo>
</ED244>
<ED244 EDReceiver="4525411000" EDDefineRequestCode="09" EDDefineAnswerCode="11" EDNo="21249" EDDate="2021-09-01" EDAuthor="4525931000">
  <OriginalEPD EDNo="20698" EDDate="2021-01-22" EDAuthor="4525931000"/>
  <EDDefineAnswerInfo>
    <EDFieldList>
      <FieldNo>60</FieldNo>
      <FieldValue>500103570260</FieldValue>
    </EDFieldList>
  </EDDefineAnswerInfo>
</ED244>
<ED244 EDReceiver="4525411000" EDDefineRequestCode="09" EDDefineAnswerCode="11" EDNo="21250" EDDate="2021-09-01" EDAuthor="4525931000">
  <OriginalEPD EDNo="16089" EDDate="2020-05-07" EDAuthor="4525931000"/>
  <EDDefineAnswerInfo>
    <EDFieldList>
      <FieldNo>60</FieldNo>
      <FieldValue>500103570260</FieldValue>
    </EDFieldList>
  </EDDefineAnswerInfo>
</ED244>
<ED244 EDReceiver="4525225000" EDDefineRequestCode="09" EDDefineAnswerCode="11" EDNo="21251" EDDate="2021-09-01" EDAuthor="4525931000">
  <OriginalEPD EDNo="27101" EDDate="2020-10-23" EDAuthor="4525931000"/>
  <EDDefineAnswerInfo>
    <EDFieldList>
      <FieldNo>60</FieldNo>
      <FieldValue>500103570260</FieldValue>
    </EDFieldList>
  </EDDefineAnswerInfo>
</ED244>
<ED244 EDReceiver="4525411000" EDDefineRequestCode="09" EDDefineAnswerCode="11" EDNo="21252" EDDate="2021-09-01" EDAuthor="4525931000">
  <OriginalEPD EDNo="15406" EDDate="2020-05-27" EDAuthor="4525931000"/>
  <EDDefineAnswerInfo>
    <EDFieldList>
      <FieldNo>60</FieldNo>
      <FieldValue>500103570260</FieldValue>
    </EDFieldList>
  </EDDefineAnswerInfo>
</ED244>
<ED244 EDReceiver="4525411000" EDDefineRequestCode="09" EDDefineAnswerCode="11" EDNo="21253" EDDate="2021-09-01" EDAuthor="4525931000">
  <OriginalEPD EDNo="25369" EDDate="2020-12-30" EDAuthor="4525931000"/>
  <EDDefineAnswerInfo>
    <EDFieldList>
      <FieldNo>60</FieldNo>
      <FieldValue>500103570260</FieldValue>
    </EDFieldList>
  </EDDefineAnswerInfo>
</ED244>
<ED244 EDReceiver="4525411000" EDDefineRequestCode="09" EDDefineAnswerCode="11" EDNo="21254" EDDate="2021-09-01" EDAuthor="4525931000">
  <OriginalEPD EDNo="28995" EDDate="2021-02-15" EDAuthor="4525931000"/>
  <EDDefineAnswerInfo>
    <EDFieldList>
      <FieldNo>60</FieldNo>
      <FieldValue>500103570260</FieldValue>
    </EDFieldList>
  </EDDefineAnswerInfo>
</ED244>
<ED244 EDReceiver="4525225000" EDDefineRequestCode="09" EDDefineAnswerCode="11" EDNo="21255" EDDate="2021-09-01" EDAuthor="4525931000">
  <OriginalEPD EDNo="20666" EDDate="2020-02-06" EDAuthor="4525931000"/>
  <EDDefineAnswerInfo>
    <EDFieldList>
      <FieldNo>60</FieldNo>
      <FieldValue>500103570260</FieldValue>
    </EDFieldList>
  </EDDefineAnswerInfo>
</ED244>
</PacketEID>
